state,"('state_sector_tot_headcount', 'Agriculture')","('state_sector_tot_headcount', 'Arts')","('state_sector_tot_headcount', 'Construction')","('state_sector_tot_headcount', 'Education')","('state_sector_tot_headcount', 'Finance')","('state_sector_tot_headcount', 'Food')","('state_sector_tot_headcount', 'Government')","('state_sector_tot_headcount', 'Health')","('state_sector_tot_headcount', 'Information')","('state_sector_tot_headcount', 'Management')","('state_sector_tot_headcount', 'Manufacturing')","('state_sector_tot_headcount', 'Mining')","('state_sector_tot_headcount', 'Other Services')","('state_sector_tot_headcount', 'Professional')","('state_sector_tot_headcount', 'Realty')","('state_sector_tot_headcount', 'Retail')","('state_sector_tot_headcount', 'Transportation')","('state_sector_tot_headcount', 'Utilities')","('state_sector_tot_headcount', 'Waste')","('state_sector_tot_headcount', 'Wholesale')","('state_sector_salary', 'Agriculture')","('state_sector_salary', 'Arts')","('state_sector_salary', 'Construction')","('state_sector_salary', 'Education')","('state_sector_salary', 'Finance')","('state_sector_salary', 'Food')","('state_sector_salary', 'Government')","('state_sector_salary', 'Health')","('state_sector_salary', 'Information')","('state_sector_salary', 'Management')","('state_sector_salary', 'Manufacturing')","('state_sector_salary', 'Mining')","('state_sector_salary', 'Other Services')","('state_sector_salary', 'Professional')","('state_sector_salary', 'Realty')","('state_sector_salary', 'Retail')","('state_sector_salary', 'Transportation')","('state_sector_salary', 'Utilities')","('state_sector_salary', 'Waste')","('state_sector_salary', 'Wholesale')","('ds_state_sector_headcount', 'Agriculture')","('ds_state_sector_headcount', 'Arts')","('ds_state_sector_headcount', 'Construction')","('ds_state_sector_headcount', 'Education')","('ds_state_sector_headcount', 'Finance')","('ds_state_sector_headcount', 'Food')","('ds_state_sector_headcount', 'Government')","('ds_state_sector_headcount', 'Health')","('ds_state_sector_headcount', 'Information')","('ds_state_sector_headcount', 'Management')","('ds_state_sector_headcount', 'Manufacturing')","('ds_state_sector_headcount', 'Mining')","('ds_state_sector_headcount', 'Other Services')","('ds_state_sector_headcount', 'Professional')","('ds_state_sector_headcount', 'Realty')","('ds_state_sector_headcount', 'Retail')","('ds_state_sector_headcount', 'Transportation')","('ds_state_sector_headcount', 'Utilities')","('ds_state_sector_headcount', 'Waste')","('ds_state_sector_headcount', 'Wholesale')","('ds_state_sector_salary', 'Agriculture')","('ds_state_sector_salary', 'Arts')","('ds_state_sector_salary', 'Construction')","('ds_state_sector_salary', 'Education')","('ds_state_sector_salary', 'Finance')","('ds_state_sector_salary', 'Food')","('ds_state_sector_salary', 'Government')","('ds_state_sector_salary', 'Health')","('ds_state_sector_salary', 'Information')","('ds_state_sector_salary', 'Management')","('ds_state_sector_salary', 'Manufacturing')","('ds_state_sector_salary', 'Mining')","('ds_state_sector_salary', 'Other Services')","('ds_state_sector_salary', 'Professional')","('ds_state_sector_salary', 'Realty')","('ds_state_sector_salary', 'Retail')","('ds_state_sector_salary', 'Transportation')","('ds_state_sector_salary', 'Utilities')","('ds_state_sector_salary', 'Waste')","('ds_state_sector_salary', 'Wholesale')","('ds_state_sector_pct', 'Agriculture')","('ds_state_sector_pct', 'Arts')","('ds_state_sector_pct', 'Construction')","('ds_state_sector_pct', 'Education')","('ds_state_sector_pct', 'Finance')","('ds_state_sector_pct', 'Food')","('ds_state_sector_pct', 'Government')","('ds_state_sector_pct', 'Health')","('ds_state_sector_pct', 'Information')","('ds_state_sector_pct', 'Management')","('ds_state_sector_pct', 'Manufacturing')","('ds_state_sector_pct', 'Mining')","('ds_state_sector_pct', 'Other Services')","('ds_state_sector_pct', 'Professional')","('ds_state_sector_pct', 'Realty')","('ds_state_sector_pct', 'Retail')","('ds_state_sector_pct', 'Transportation')","('ds_state_sector_pct', 'Utilities')","('ds_state_sector_pct', 'Waste')","('ds_state_sector_pct', 'Wholesale')","('ds_state_tot_headcount', 'Agriculture')","('ds_state_tot_headcount', 'Arts')","('ds_state_tot_headcount', 'Construction')","('ds_state_tot_headcount', 'Education')","('ds_state_tot_headcount', 'Finance')","('ds_state_tot_headcount', 'Food')","('ds_state_tot_headcount', 'Government')","('ds_state_tot_headcount', 'Health')","('ds_state_tot_headcount', 'Information')","('ds_state_tot_headcount', 'Management')","('ds_state_tot_headcount', 'Manufacturing')","('ds_state_tot_headcount', 'Mining')","('ds_state_tot_headcount', 'Other Services')","('ds_state_tot_headcount', 'Professional')","('ds_state_tot_headcount', 'Realty')","('ds_state_tot_headcount', 'Retail')","('ds_state_tot_headcount', 'Transportation')","('ds_state_tot_headcount', 'Utilities')","('ds_state_tot_headcount', 'Waste')","('ds_state_tot_headcount', 'Wholesale')","('ds_state_mdn_salary', 'Agriculture')","('ds_state_mdn_salary', 'Arts')","('ds_state_mdn_salary', 'Construction')","('ds_state_mdn_salary', 'Education')","('ds_state_mdn_salary', 'Finance')","('ds_state_mdn_salary', 'Food')","('ds_state_mdn_salary', 'Government')","('ds_state_mdn_salary', 'Health')","('ds_state_mdn_salary', 'Information')","('ds_state_mdn_salary', 'Management')","('ds_state_mdn_salary', 'Manufacturing')","('ds_state_mdn_salary', 'Mining')","('ds_state_mdn_salary', 'Other Services')","('ds_state_mdn_salary', 'Professional')","('ds_state_mdn_salary', 'Realty')","('ds_state_mdn_salary', 'Retail')","('ds_state_mdn_salary', 'Transportation')","('ds_state_mdn_salary', 'Utilities')","('ds_state_mdn_salary', 'Waste')","('ds_state_mdn_salary', 'Wholesale')",Agriculture,Arts,Construction,Education,Finance,Food,Government,Health,Information,Management,Manufacturing,Mining,Other Services,Professional,Realty,Retail,Transportation,Utilities,Waste,Wholesale
Alabama,5800.0,22630.0,97340.0,164970.0,72640.0,174870.0,156650.0,260940.0,22750.0,21660.0,271450.0,5230.0,44040.0,117090.0,25050.0,236520.0,90690.0,10280.0,128590.0,74810.0,41080.0,27040.0,45870.0,48960.0,48240.0,22590.0,49260.0,38240.0,52990.0,69000.0,42590.0,,35770.0,70910.0,39260.0,28560.0,,86410.0,30050.0,46090.0,,,,,80.0,,,,60.0,50.0,30.0,,,640.0,,,,,,,,,,,48750.0,,,,59750.0,101560.0,76480.0,,,98270.0,,,,,,,,,,,0.11,,,,0.25,0.24,0.01,,,0.55,,,,,,,,,,,,,,,,,,,,,,,,,,,85870.0,85870.0,85870.0,85870.0,85870.0,85870.0,85870.0,85870.0,85870.0,85870.0,85870.0,85870.0,85870.0,85870.0,85870.0,85870.0,85870.0,85870.0,85870.0,85870.0,5800.0,22630.0,97340.0,164970.0,72640.0,174870.0,156650.0,260940.0,22750.0,21660.0,271450.0,5230.0,44040.0,117090.0,25050.0,236520.0,90690.0,10280.0,128590.0,74810.0
Alaska,210.0,4100.0,15930.0,29060.0,6400.0,27410.0,44610.0,48570.0,4690.0,2790.0,9000.0,10660.0,9540.0,12890.0,4370.0,34570.0,21550.0,2480.0,11070.0,6210.0,57260.0,40050.0,68510.0,61030.0,53070.0,30100.0,69600.0,52260.0,72280.0,64440.0,42490.0,81700.0,47430.0,76800.0,47530.0,36570.0,59100.0,96670.0,46760.0,48010.0,,,,,,,,40.0,,,,30.0,,,,,,,,,,,,,,,,88100.0,,,,144290.0,,,,,,,,,,,,,,,,0.07,,,,0.33,,,,,,,,,150.0,150.0,150.0,150.0,150.0,150.0,150.0,150.0,150.0,150.0,150.0,150.0,150.0,150.0,150.0,150.0,150.0,150.0,150.0,150.0,100040.0,100040.0,100040.0,100040.0,100040.0,100040.0,100040.0,100040.0,100040.0,100040.0,100040.0,100040.0,100040.0,100040.0,100040.0,100040.0,100040.0,100040.0,100040.0,100040.0,210.0,4100.0,15930.0,29060.0,6400.0,27410.0,44610.0,48570.0,4690.0,2790.0,9000.0,10660.0,9540.0,12890.0,4370.0,34570.0,21550.0,2480.0,11070.0,6210.0
Arizona,9840.0,54120.0,191490.0,236800.0,178290.0,289790.0,190870.0,414710.0,51720.0,39990.0,186780.0,12340.0,77520.0,176040.0,58540.0,346460.0,148460.0,11730.0,249760.0,106350.0,30080.0,34860.0,49460.0,48260.0,59600.0,31530.0,56890.0,44600.0,65470.0,67810.0,50980.0,59040.0,38810.0,65290.0,47150.0,33910.0,47000.0,87620.0,36720.0,50010.0,,,,120.0,510.0,,40.0,220.0,150.0,180.0,150.0,,,1170.0,,,,,,60.0,,,,65940.0,120380.0,,75000.0,89030.0,137490.0,105020.0,98770.0,,,102240.0,,,,,182640.0,81170.0,,,,0.05,0.28,,0.02,0.05,0.29,0.44,0.08,,,0.66,,,,,,0.05,2860.0,2860.0,2860.0,2860.0,2860.0,2860.0,2860.0,2860.0,2860.0,2860.0,2860.0,2860.0,2860.0,2860.0,2860.0,2860.0,2860.0,2860.0,2860.0,2860.0,102770.0,102770.0,102770.0,102770.0,102770.0,102770.0,102770.0,102770.0,102770.0,102770.0,102770.0,102770.0,102770.0,102770.0,102770.0,102770.0,102770.0,102770.0,102770.0,102770.0,9840.0,54120.0,191490.0,236800.0,178290.0,289790.0,190870.0,414710.0,51720.0,39990.0,186780.0,12340.0,77520.0,176040.0,58540.0,346460.0,148460.0,11730.0,249760.0,106350.0
Arkansas,4120.0,12360.0,56530.0,104550.0,40550.0,109450.0,82490.0,184560.0,12290.0,36640.0,158910.0,3260.0,24970.0,46960.0,14680.0,144340.0,69310.0,7480.0,68330.0,49090.0,37920.0,29050.0,42840.0,47030.0,46850.0,26260.0,42470.0,37200.0,55110.0,81740.0,37980.0,42690.0,34320.0,51240.0,34860.0,28540.0,44780.0,81690.0,30660.0,43870.0,,,,,,,,,,,,,,,,,,,,,,,,,,,,,,,,,,,,,,,,,,,,,,,,,,,,,,,,,,,,,,,,,,,,,,,,,,,,,,,,,,,,,,,,,,,,,,,,,,,,,4120.0,12360.0,56530.0,104550.0,40550.0,109450.0,82490.0,184560.0,12290.0,36640.0,158910.0,3260.0,24970.0,46960.0,14680.0,144340.0,69310.0,7480.0,68330.0,49090.0
California,239210.0,323630.0,911260.0,1454700.0,538910.0,1606930.0,1080750.0,2680270.0,603870.0,251990.0,1323280.0,16650.0,497870.0,1420730.0,307310.0,1629560.0,843440.0,61770.0,1179660.0,664050.0,33540.0,38320.0,62850.0,62440.0,73480.0,34700.0,79370.0,46130.0,111690.0,94910.0,57280.0,63180.0,42770.0,96420.0,49220.0,36500.0,47530.0,108350.0,40060.0,52150.0,,60.0,,790.0,2220.0,,1450.0,1040.0,5630.0,2900.0,1360.0,,270.0,9350.0,70.0,600.0,210.0,140.0,2530.0,780.0,,101730.0,,110380.0,140070.0,,84950.0,98170.0,166430.0,133920.0,124990.0,,73080.0,127970.0,122650.0,139640.0,171190.0,146860.0,75400.0,94920.0,,0.02,,0.05,0.41,,0.13,0.04,0.93,1.15,0.1,,0.05,0.66,0.02,0.04,0.02,0.22,0.21,0.12,29420.0,29420.0,29420.0,29420.0,29420.0,29420.0,29420.0,29420.0,29420.0,29420.0,29420.0,29420.0,29420.0,29420.0,29420.0,29420.0,29420.0,29420.0,29420.0,29420.0,126810.0,126810.0,126810.0,126810.0,126810.0,126810.0,126810.0,126810.0,126810.0,126810.0,126810.0,126810.0,126810.0,126810.0,126810.0,126810.0,126810.0,126810.0,126810.0,126810.0,239210.0,323630.0,911260.0,1454700.0,538910.0,1606930.0,1080750.0,2680270.0,603870.0,251990.0,1323280.0,16650.0,497870.0,1420730.0,307310.0,1629560.0,843440.0,61770.0,1179660.0,664050.0
Colorado,2350.0,48990.0,183170.0,229360.0,117180.0,275690.0,184680.0,344530.0,73520.0,59140.0,149990.0,20040.0,80070.0,274650.0,57200.0,276470.0,113900.0,7550.0,157170.0,110780.0,35940.0,39510.0,58660.0,53130.0,65670.0,33760.0,64150.0,49520.0,86420.0,85830.0,51590.0,73520.0,45040.0,92770.0,50570.0,35410.0,47420.0,97190.0,41320.0,59280.0,,,,60.0,440.0,,160.0,310.0,630.0,210.0,110.0,,50.0,1120.0,,60.0,,,120.0,130.0,,,,80320.0,103150.0,,69600.0,99070.0,112210.0,106520.0,101110.0,,78520.0,120790.0,,,,,79990.0,103730.0,,,,0.02,0.37,,0.09,0.09,0.85,0.35,0.08,,0.06,0.41,,0.02,,,0.08,0.12,3540.0,3540.0,3540.0,3540.0,3540.0,3540.0,3540.0,3540.0,3540.0,3540.0,3540.0,3540.0,3540.0,3540.0,3540.0,3540.0,3540.0,3540.0,3540.0,3540.0,103200.0,103200.0,103200.0,103200.0,103200.0,103200.0,103200.0,103200.0,103200.0,103200.0,103200.0,103200.0,103200.0,103200.0,103200.0,103200.0,103200.0,103200.0,103200.0,103200.0,2350.0,48990.0,183170.0,229360.0,117180.0,275690.0,184680.0,344530.0,73520.0,59140.0,149990.0,20040.0,80070.0,274650.0,57200.0,276470.0,113900.0,7550.0,157170.0,110780.0
Connecticut,290.0,24910.0,62120.0,176410.0,97080.0,128920.0,84470.0,274700.0,31370.0,37970.0,154370.0,500.0,47980.0,96210.0,18710.0,167050.0,75050.0,4980.0,89030.0,59410.0,41140.0,37300.0,63310.0,65140.0,94590.0,31390.0,69760.0,46960.0,80500.0,88080.0,60130.0,61340.0,39140.0,82580.0,54420.0,34890.0,46070.0,104280.0,38240.0,58780.0,,,,,330.0,,,,280.0,40.0,60.0,,,170.0,,,,,,,,,,,130530.0,,,,83450.0,134010.0,93130.0,,,77320.0,,,,,93530.0,,,,,,0.34,,,,0.9,0.09,0.04,,,0.18,,,,,,,950.0,950.0,950.0,950.0,950.0,950.0,950.0,950.0,950.0,950.0,950.0,950.0,950.0,950.0,950.0,950.0,950.0,950.0,950.0,950.0,105700.0,105700.0,105700.0,105700.0,105700.0,105700.0,105700.0,105700.0,105700.0,105700.0,105700.0,105700.0,105700.0,105700.0,105700.0,105700.0,105700.0,105700.0,105700.0,105700.0,290.0,24910.0,62120.0,176410.0,97080.0,128920.0,84470.0,274700.0,31370.0,37970.0,154370.0,500.0,47980.0,96210.0,18710.0,167050.0,75050.0,4980.0,89030.0,59410.0
Delaware,120.0,8180.0,23240.0,41250.0,40610.0,40660.0,28200.0,71240.0,3900.0,10680.0,25870.0,,11310.0,26720.0,5910.0,50740.0,23290.0,1600.0,30470.0,11460.0,40780.0,31200.0,52140.0,59330.0,82070.0,28260.0,53120.0,45830.0,62100.0,105050.0,46690.0,,35980.0,78750.0,45450.0,30490.0,50040.0,86130.0,36250.0,52220.0,,,,,420.0,,,,,,,,,,,,,,,,,,,,132350.0,,,,,,,,,,,,,,,,,,,,1.03,,,,,,,,,,,,,,,,480.0,480.0,480.0,480.0,480.0,480.0,480.0,480.0,480.0,480.0,480.0,,480.0,480.0,480.0,480.0,480.0,480.0,480.0,480.0,132300.0,132300.0,132300.0,132300.0,132300.0,132300.0,132300.0,132300.0,132300.0,132300.0,132300.0,,132300.0,132300.0,132300.0,132300.0,132300.0,132300.0,132300.0,132300.0,120.0,8180.0,23240.0,41250.0,40610.0,40660.0,28200.0,71240.0,3900.0,10680.0,25870.0,,11310.0,26720.0,5910.0,50740.0,23290.0,1600.0,30470.0,11460.0
District of Columbia,,8140.0,15170.0,54660.0,14710.0,54740.0,,68190.0,20900.0,2950.0,1030.0,,63490.0,123970.0,12590.0,20370.0,,2040.0,47640.0,5130.0,,49920.0,64280.0,66390.0,100820.0,37000.0,,56250.0,93440.0,104290.0,50910.0,,86420.0,108870.0,61760.0,36010.0,,97340.0,50140.0,91900.0,,,,,230.0,,,,170.0,,,,170.0,2330.0,,,,,130.0,,,,,,97960.0,,,,,,,,77240.0,98670.0,,,,,97150.0,,,,,,1.57,,,,0.81,,,,0.27,1.88,,,,,0.28,,,3200.0,3200.0,3200.0,3200.0,3200.0,,3200.0,3200.0,3200.0,3200.0,,3200.0,3200.0,3200.0,3200.0,,3200.0,3200.0,3200.0,,97660.0,97660.0,97660.0,97660.0,97660.0,,97660.0,97660.0,97660.0,97660.0,,97660.0,97660.0,97660.0,97660.0,,97660.0,97660.0,97660.0,,8140.0,15170.0,54660.0,14710.0,54740.0,,68190.0,20900.0,2950.0,1030.0,,63490.0,123970.0,12590.0,20370.0,,2040.0,47640.0,5130.0
Florida,14960.0,232840.0,594230.0,628530.0,439160.0,994830.0,519410.0,1239930.0,152020.0,130980.0,405050.0,3900.0,262040.0,695950.0,208170.0,1128450.0,436880.0,23080.0,735420.0,365040.0,29130.0,33230.0,46850.0,49000.0,60370.0,28710.0,55860.0,45160.0,63770.0,64680.0,45400.0,45120.0,36940.0,62470.0,42080.0,30710.0,45140.0,64320.0,35850.0,47460.0,,30.0,40.0,300.0,1210.0,,90.0,440.0,1420.0,610.0,200.0,,100.0,2620.0,50.0,80.0,140.0,,650.0,160.0,,61470.0,79630.0,49350.0,100310.0,,62860.0,75740.0,127810.0,81850.0,92640.0,,109230.0,99330.0,96490.0,82420.0,105740.0,,98520.0,96480.0,,0.01,0.01,0.05,0.28,,0.02,0.04,0.93,0.47,0.05,,0.04,0.38,0.02,0.01,0.03,,0.09,0.04,8190.0,8190.0,8190.0,8190.0,8190.0,8190.0,8190.0,8190.0,8190.0,8190.0,8190.0,8190.0,8190.0,8190.0,8190.0,8190.0,8190.0,8190.0,8190.0,8190.0,100520.0,100520.0,100520.0,100520.0,100520.0,100520.0,100520.0,100520.0,100520.0,100520.0,100520.0,100520.0,100520.0,100520.0,100520.0,100520.0,100520.0,100520.0,100520.0,100520.0,14960.0,232840.0,594230.0,628530.0,439160.0,994830.0,519410.0,1239930.0,152020.0,130980.0,405050.0,3900.0,262040.0,695950.0,208170.0,1128450.0,436880.0,23080.0,735420.0,365040.0
Georgia,8910.0,55020.0,210930.0,391680.0,180940.0,418010.0,297430.0,530860.0,127810.0,106440.0,408550.0,4900.0,106670.0,307090.0,76160.0,509860.0,277210.0,18640.0,363540.0,211640.0,37160.0,28890.0,48230.0,52410.0,60380.0,24310.0,49590.0,45320.0,79900.0,83160.0,41250.0,49440.0,36340.0,74320.0,45510.0,29620.0,46700.0,83250.0,34980.0,48870.0,,,60.0,260.0,740.0,,,280.0,430.0,840.0,160.0,,50.0,1860.0,,80.0,,,570.0,,,,102270.0,67680.0,105160.0,,,96010.0,118580.0,124610.0,73840.0,,97520.0,87130.0,,101780.0,,,130210.0,118150.0,,,0.03,0.07,0.41,,,0.05,0.33,0.79,0.04,,0.05,0.61,,0.02,,,0.16,,5650.0,5650.0,5650.0,5650.0,5650.0,5650.0,5650.0,5650.0,5650.0,5650.0,5650.0,5650.0,5650.0,5650.0,5650.0,5650.0,5650.0,5650.0,5650.0,5650.0,100400.0,100400.0,100400.0,100400.0,100400.0,100400.0,100400.0,100400.0,100400.0,100400.0,100400.0,100400.0,100400.0,100400.0,100400.0,100400.0,100400.0,100400.0,100400.0,100400.0,8910.0,55020.0,210930.0,391680.0,180940.0,418010.0,297430.0,530860.0,127810.0,106440.0,408550.0,4900.0,106670.0,307090.0,76160.0,509860.0,277210.0,18640.0,363540.0,211640.0
Hawaii,520.0,11050.0,36450.0,55470.0,15450.0,95490.0,62640.0,75440.0,7650.0,8420.0,12420.0,,23840.0,25660.0,11750.0,64570.0,,3550.0,36150.0,17070.0,35500.0,38480.0,79800.0,51810.0,58660.0,36500.0,68280.0,49560.0,73790.0,66270.0,39160.0,61480.0,42340.0,70310.0,47610.0,35460.0,,105580.0,36140.0,47270.0,,,,,50.0,,,,,,,,,,,,,,,,,,,,100400.0,,,,,,,,,,,,,,,,,,,,0.3,,,,,,,,,,,,,,,,90.0,90.0,90.0,90.0,90.0,90.0,90.0,90.0,90.0,90.0,90.0,90.0,90.0,90.0,90.0,90.0,,90.0,90.0,90.0,112330.0,112330.0,112330.0,112330.0,112330.0,112330.0,112330.0,112330.0,112330.0,112330.0,112330.0,112330.0,112330.0,112330.0,112330.0,112330.0,,112330.0,112330.0,112330.0,520.0,11050.0,36450.0,55470.0,15450.0,95490.0,62640.0,75440.0,7650.0,8420.0,12420.0,,23840.0,25660.0,11750.0,64570.0,,3550.0,36150.0,17070.0
Idaho,4590.0,13120.0,61050.0,68000.0,28000.0,73180.0,55720.0,111490.0,9040.0,8660.0,72350.0,2830.0,19100.0,47570.0,10410.0,94060.0,31850.0,3120.0,49430.0,33850.0,34880.0,33270.0,46590.0,46890.0,49020.0,26990.0,50430.0,39700.0,47530.0,68600.0,43380.0,62970.0,36850.0,62390.0,38180.0,31700.0,46350.0,75610.0,37090.0,46060.0,,,,,40.0,,,90.0,,,,,,,,,,,,,,,,,84790.0,,,101330.0,,,,,,96550.0,,,,,,,,,,,0.15,,,0.08,,,,,,,,,,,,,250.0,250.0,250.0,250.0,250.0,250.0,250.0,250.0,250.0,250.0,250.0,250.0,250.0,250.0,250.0,250.0,250.0,250.0,250.0,250.0,96490.0,96490.0,96490.0,96490.0,96490.0,96490.0,96490.0,96490.0,96490.0,96490.0,96490.0,96490.0,96490.0,96490.0,96490.0,96490.0,96490.0,96490.0,96490.0,96490.0,4590.0,13120.0,61050.0,68000.0,28000.0,73180.0,55720.0,111490.0,9040.0,8660.0,72350.0,2830.0,19100.0,47570.0,10410.0,94060.0,31850.0,3120.0,49430.0,33850.0
Illinois,3420.0,81880.0,233590.0,539110.0,299980.0,472860.0,317470.0,786900.0,95600.0,89880.0,561560.0,6910.0,187700.0,442200.0,80280.0,571290.0,353480.0,23460.0,448510.0,287840.0,44540.0,36040.0,72700.0,55370.0,67310.0,29270.0,67820.0,45420.0,71850.0,84310.0,47320.0,57780.0,45800.0,80000.0,45970.0,33830.0,49640.0,98580.0,36420.0,51720.0,,50.0,,130.0,2190.0,,,350.0,280.0,640.0,190.0,,40.0,1640.0,110.0,50.0,,,,230.0,,61230.0,,67060.0,106400.0,,,79880.0,132440.0,106670.0,137960.0,,85610.0,105660.0,101730.0,127330.0,,,103340.0,88130.0,,0.06,,0.02,0.73,,,0.04,0.29,0.71,0.03,,0.02,0.37,0.13,0.01,,,,0.08,6350.0,6350.0,6350.0,6350.0,6350.0,6350.0,6350.0,6350.0,6350.0,6350.0,6350.0,6350.0,6350.0,6350.0,6350.0,6350.0,6350.0,6350.0,6350.0,6350.0,103730.0,103730.0,103730.0,103730.0,103730.0,103730.0,103730.0,103730.0,103730.0,103730.0,103730.0,103730.0,103730.0,103730.0,103730.0,103730.0,103730.0,103730.0,103730.0,103730.0,3420.0,81880.0,233590.0,539110.0,299980.0,472860.0,317470.0,786900.0,95600.0,89880.0,561560.0,6910.0,187700.0,442200.0,80280.0,571290.0,353480.0,23460.0,448510.0,287840.0
Indiana,2120.0,38260.0,157700.0,248910.0,100980.0,261350.0,152420.0,436140.0,26830.0,35700.0,536080.0,5230.0,85610.0,139310.0,35790.0,317130.0,177970.0,13360.0,192000.0,126750.0,38900.0,30630.0,56490.0,47840.0,50810.0,26760.0,48900.0,44270.0,48870.0,61050.0,46900.0,54850.0,36840.0,59760.0,40200.0,30580.0,46490.0,82770.0,35320.0,46710.0,,,,250.0,310.0,,50.0,300.0,50.0,210.0,220.0,,40.0,540.0,,,,,110.0,60.0,,,,74370.0,65090.0,,49600.0,82880.0,81240.0,76670.0,69530.0,,43980.0,81790.0,,,,,52420.0,72590.0,,,,0.1,0.31,,0.03,0.07,0.18,0.58,0.04,,0.04,0.39,,,,,0.06,0.05,2200.0,2200.0,2200.0,2200.0,2200.0,2200.0,2200.0,2200.0,2200.0,2200.0,2200.0,2200.0,2200.0,2200.0,2200.0,2200.0,2200.0,2200.0,2200.0,2200.0,75970.0,75970.0,75970.0,75970.0,75970.0,75970.0,75970.0,75970.0,75970.0,75970.0,75970.0,75970.0,75970.0,75970.0,75970.0,75970.0,75970.0,75970.0,75970.0,75970.0,2120.0,38260.0,157700.0,248910.0,100980.0,261350.0,152420.0,436140.0,26830.0,35700.0,536080.0,5230.0,85610.0,139310.0,35790.0,317130.0,177970.0,13360.0,192000.0,126750.0
Iowa,3570.0,19390.0,83060.0,152580.0,89080.0,115660.0,80720.0,210790.0,19270.0,28830.0,217830.0,2260.0,37970.0,55160.0,14880.0,175450.0,74440.0,5780.0,67470.0,66280.0,41180.0,29810.0,50720.0,48010.0,62070.0,27140.0,56700.0,41130.0,53020.0,64590.0,46510.0,47200.0,39200.0,60440.0,43280.0,30290.0,47640.0,86430.0,36100.0,48760.0,,,,120.0,920.0,,,40.0,60.0,240.0,190.0,,,180.0,,80.0,,,50.0,,,,,67290.0,106900.0,,,67620.0,101610.0,103490.0,84480.0,,,77830.0,,46990.0,,,89290.0,,,,,0.08,1.03,,,0.02,0.3,0.85,0.09,,,0.33,,0.05,,,0.07,,1970.0,1970.0,1970.0,1970.0,1970.0,1970.0,1970.0,1970.0,1970.0,1970.0,1970.0,1970.0,1970.0,1970.0,1970.0,1970.0,1970.0,1970.0,1970.0,1970.0,94860.0,94860.0,94860.0,94860.0,94860.0,94860.0,94860.0,94860.0,94860.0,94860.0,94860.0,94860.0,94860.0,94860.0,94860.0,94860.0,94860.0,94860.0,94860.0,94860.0,3570.0,19390.0,83060.0,152580.0,89080.0,115660.0,80720.0,210790.0,19270.0,28830.0,217830.0,2260.0,37970.0,55160.0,14880.0,175450.0,74440.0,5780.0,67470.0,66280.0
Kansas,2100.0,17150.0,64860.0,137720.0,58090.0,111310.0,95010.0,198870.0,18520.0,21670.0,165210.0,6110.0,33070.0,75330.0,15340.0,140840.0,75330.0,5800.0,81830.0,56260.0,36690.0,28080.0,49850.0,46860.0,57460.0,26500.0,47240.0,39620.0,61980.0,77480.0,46780.0,48380.0,36400.0,61820.0,38620.0,29710.0,47680.0,85480.0,36430.0,48270.0,,,,,,,,,250.0,70.0,,,,,,,,,,,,,,,,,,,88860.0,92840.0,,,,92510.0,,,,,,,,,,,,,,,1.36,0.31,,,,,,,,,,,430.0,430.0,430.0,430.0,430.0,430.0,430.0,430.0,430.0,430.0,430.0,430.0,430.0,430.0,430.0,430.0,430.0,430.0,430.0,430.0,88860.0,88860.0,88860.0,88860.0,88860.0,88860.0,88860.0,88860.0,88860.0,88860.0,88860.0,88860.0,88860.0,88860.0,88860.0,88860.0,88860.0,88860.0,88860.0,88860.0,2100.0,17150.0,64860.0,137720.0,58090.0,111310.0,95010.0,198870.0,18520.0,21670.0,165210.0,6110.0,33070.0,75330.0,15340.0,140840.0,75330.0,5800.0,81830.0,56260.0
Kentucky,3480.0,21770.0,82020.0,166920.0,74810.0,168250.0,115500.0,269510.0,20660.0,21080.0,248430.0,7690.0,41540.0,84100.0,20850.0,208390.0,137950.0,6960.0,123670.0,75830.0,33390.0,28240.0,48670.0,48050.0,57660.0,23670.0,45900.0,42510.0,47730.0,60430.0,46800.0,49920.0,36540.0,53680.0,37120.0,29330.0,47600.0,75760.0,34850.0,45360.0,,,,120.0,,,,50.0,50.0,90.0,50.0,,,360.0,,,,,200.0,190.0,,,,62200.0,81990.0,,,78750.0,77260.0,98580.0,95010.0,,,89110.0,,,,,75650.0,135210.0,,,,0.07,,,,0.02,0.25,0.43,0.02,,,0.43,,,,,0.16,0.25,,,,,,,,,,,,,,,,,,,,,81990.0,81990.0,81990.0,81990.0,81990.0,81990.0,81990.0,81990.0,81990.0,81990.0,81990.0,81990.0,81990.0,81990.0,81990.0,81990.0,81990.0,81990.0,81990.0,81990.0,3480.0,21770.0,82020.0,166920.0,74810.0,168250.0,115500.0,269510.0,20660.0,21080.0,248430.0,7690.0,41540.0,84100.0,20850.0,208390.0,137950.0,6960.0,123670.0,75830.0
Louisiana,3310.0,26620.0,130650.0,166650.0,54310.0,184660.0,129160.0,292920.0,22670.0,21220.0,131650.0,28260.0,43360.0,92560.0,29580.0,222900.0,87680.0,8370.0,104850.0,66520.0,45250.0,27020.0,49450.0,48730.0,46540.0,22100.0,46590.0,38240.0,50020.0,60510.0,50810.0,57100.0,35160.0,57970.0,38840.0,28040.0,48990.0,78170.0,31560.0,45480.0,,,,,,,,,,,,,,,,,,,,,,,,,,,,,,,,,,61510.0,,,,,,,,,,,,,,,,,,,,,,,,,,,580.0,580.0,580.0,580.0,580.0,580.0,580.0,580.0,580.0,580.0,580.0,580.0,580.0,580.0,580.0,580.0,580.0,580.0,580.0,580.0,65410.0,65410.0,65410.0,65410.0,65410.0,65410.0,65410.0,65410.0,65410.0,65410.0,65410.0,65410.0,65410.0,65410.0,65410.0,65410.0,65410.0,65410.0,65410.0,65410.0,3310.0,26620.0,130650.0,166650.0,54310.0,184660.0,129160.0,292920.0,22670.0,21220.0,131650.0,28260.0,43360.0,92560.0,29580.0,222900.0,87680.0,8370.0,104850.0,66520.0
Maine,1880.0,8290.0,33110.0,60020.0,23210.0,52940.0,46170.0,102790.0,7370.0,15300.0,54220.0,250.0,16050.0,31560.0,7170.0,79460.0,20070.0,1720.0,29510.0,19500.0,42470.0,38260.0,49150.0,49120.0,59640.0,34170.0,54600.0,42980.0,58090.0,62550.0,48700.0,,41610.0,64480.0,44760.0,33960.0,,76010.0,38570.0,50430.0,,,,40.0,100.0,,,50.0,260.0,100.0,40.0,,,140.0,,,,,,,,,,70230.0,76750.0,,,85040.0,131190.0,92120.0,82420.0,,,78950.0,,,,,,,,,,0.07,0.45,,,0.05,3.46,0.67,0.07,,,0.46,,,,,,,800.0,800.0,800.0,800.0,800.0,800.0,800.0,800.0,800.0,800.0,800.0,800.0,800.0,800.0,800.0,800.0,800.0,800.0,800.0,800.0,95700.0,95700.0,95700.0,95700.0,95700.0,95700.0,95700.0,95700.0,95700.0,95700.0,95700.0,95700.0,95700.0,95700.0,95700.0,95700.0,95700.0,95700.0,95700.0,95700.0,1880.0,8290.0,33110.0,60020.0,23210.0,52940.0,46170.0,102790.0,7370.0,15300.0,54220.0,250.0,16050.0,31560.0,7170.0,79460.0,20070.0,1720.0,29510.0,19500.0
Maryland,,37140.0,159590.0,265950.0,86450.0,208940.0,289540.0,359790.0,34940.0,30670.0,109190.0,1180.0,78200.0,274900.0,42200.0,269340.0,,9190.0,172320.0,84810.0,36730.0,34640.0,57250.0,61180.0,71950.0,30320.0,83740.0,47790.0,77700.0,82360.0,57130.0,51060.0,43410.0,93610.0,49290.0,33850.0,,97050.0,41030.0,50820.0,,,,,70.0,,40.0,80.0,90.0,,80.0,,,1400.0,,110.0,,,50.0,,,,,,128460.0,,86250.0,85510.0,107120.0,,133720.0,,,127560.0,,73020.0,,,69610.0,,,,,,0.08,,0.01,0.02,0.25,,0.07,,,0.51,,0.04,,,0.03,,2010.0,2010.0,2010.0,2010.0,2010.0,2010.0,2010.0,2010.0,2010.0,2010.0,2010.0,2010.0,2010.0,2010.0,2010.0,2010.0,,2010.0,2010.0,2010.0,117730.0,117730.0,117730.0,117730.0,117730.0,117730.0,117730.0,117730.0,117730.0,117730.0,117730.0,117730.0,117730.0,117730.0,117730.0,117730.0,,117730.0,117730.0,117730.0,,37140.0,159590.0,265950.0,86450.0,208940.0,289540.0,359790.0,34940.0,30670.0,109190.0,1180.0,78200.0,274900.0,42200.0,269340.0,,9190.0,172320.0,84810.0
Massachusetts,730.0,52990.0,171990.0,372080.0,166690.0,278730.0,193550.0,633170.0,95100.0,67930.0,237480.0,920.0,105240.0,372090.0,47670.0,332310.0,110580.0,12350.0,192300.0,122100.0,44670.0,44000.0,73590.0,67230.0,84100.0,34750.0,69600.0,50210.0,98120.0,80220.0,58410.0,57700.0,44720.0,103060.0,59250.0,35620.0,48950.0,102030.0,45800.0,60230.0,,,,120.0,1520.0,,,200.0,370.0,230.0,130.0,,40.0,2750.0,,,,,220.0,60.0,,,,74950.0,128340.0,,,76910.0,121140.0,120270.0,127480.0,,78060.0,102170.0,,,,,103840.0,106970.0,,,,0.03,0.91,,,0.03,0.39,0.34,0.06,,0.04,0.74,,,,,0.11,0.05,,,,,,,,,,,,,,,,,,,,,106070.0,106070.0,106070.0,106070.0,106070.0,106070.0,106070.0,106070.0,106070.0,106070.0,106070.0,106070.0,106070.0,106070.0,106070.0,106070.0,106070.0,106070.0,106070.0,106070.0,730.0,52990.0,171990.0,372080.0,166690.0,278730.0,193550.0,633170.0,95100.0,67930.0,237480.0,920.0,105240.0,372090.0,47670.0,332310.0,110580.0,12350.0,192300.0,122100.0
Michigan,4990.0,51490.0,185370.0,337500.0,163670.0,353990.0,219520.0,613790.0,54870.0,75830.0,596670.0,5130.0,119960.0,309510.0,55450.0,454800.0,177210.0,21520.0,279720.0,166500.0,37440.0,32750.0,52390.0,49480.0,58170.0,28570.0,58470.0,44060.0,59950.0,84200.0,47620.0,53460.0,38470.0,76560.0,44590.0,31200.0,50160.0,98740.0,36460.0,48470.0,,,,140.0,410.0,,80.0,350.0,240.0,470.0,210.0,,60.0,1390.0,,,,,160.0,150.0,,,,79960.0,82470.0,,63880.0,67330.0,70960.0,101710.0,76910.0,,71990.0,101840.0,,,,,90760.0,108210.0,,,,0.04,0.25,,0.04,0.06,0.44,0.62,0.04,,0.05,0.45,,,,,0.06,0.09,3900.0,3900.0,3900.0,3900.0,3900.0,3900.0,3900.0,3900.0,3900.0,3900.0,3900.0,3900.0,3900.0,3900.0,3900.0,3900.0,3900.0,3900.0,3900.0,3900.0,85470.0,85470.0,85470.0,85470.0,85470.0,85470.0,85470.0,85470.0,85470.0,85470.0,85470.0,85470.0,85470.0,85470.0,85470.0,85470.0,85470.0,85470.0,85470.0,85470.0,4990.0,51490.0,185370.0,337500.0,163670.0,353990.0,219520.0,613790.0,54870.0,75830.0,596670.0,5130.0,119960.0,309510.0,55450.0,454800.0,177210.0,21520.0,279720.0,166500.0
Minnesota,3450.0,44990.0,136780.0,233940.0,137790.0,209860.0,161440.0,482370.0,44890.0,91730.0,320800.0,5950.0,80390.0,167000.0,35160.0,282730.0,111480.0,12170.0,133900.0,130490.0,44520.0,33960.0,63900.0,53350.0,68130.0,29550.0,64280.0,47600.0,65100.0,85150.0,50230.0,65560.0,40200.0,77690.0,47380.0,34240.0,49840.0,98890.0,38190.0,54080.0,,,,,560.0,,,60.0,40.0,430.0,80.0,,,350.0,,,,,,,,,,,120250.0,,,103860.0,99800.0,104540.0,116480.0,,,107150.0,,,,,,,,,,,0.41,,,0.01,0.09,0.47,0.03,,,0.21,,,,,,,1600.0,1600.0,1600.0,1600.0,1600.0,1600.0,1600.0,1600.0,1600.0,1600.0,1600.0,1600.0,1600.0,1600.0,1600.0,1600.0,1600.0,1600.0,1600.0,1600.0,106920.0,106920.0,106920.0,106920.0,106920.0,106920.0,106920.0,106920.0,106920.0,106920.0,106920.0,106920.0,106920.0,106920.0,106920.0,106920.0,106920.0,106920.0,106920.0,106920.0,3450.0,44990.0,136780.0,233940.0,137790.0,209860.0,161440.0,482370.0,44890.0,91730.0,320800.0,5950.0,80390.0,167000.0,35160.0,282730.0,111480.0,12170.0,133900.0,130490.0
Mississippi,4420.0,9160.0,45890.0,108190.0,31990.0,123630.0,90290.0,158260.0,9820.0,12390.0,146210.0,3120.0,20500.0,36270.0,11420.0,140530.0,65160.0,7790.0,72170.0,34340.0,39840.0,24540.0,43040.0,45650.0,43250.0,21580.0,38810.0,37550.0,46510.0,61940.0,39240.0,46910.0,33800.0,49620.0,36270.0,27840.0,46230.0,70680.0,29390.0,42170.0,,,,,,,,30.0,40.0,,,,,110.0,,,,,40.0,,,,,,,,,49090.0,57990.0,,,,,41750.0,,,,,62070.0,,,,,,,,,0.02,0.39,,,,,0.31,,,,,0.06,,,,,,,,,,,,,,,,,,,,,,56950.0,56950.0,56950.0,56950.0,56950.0,56950.0,56950.0,56950.0,56950.0,56950.0,56950.0,56950.0,56950.0,56950.0,56950.0,56950.0,56950.0,56950.0,56950.0,56950.0,4420.0,9160.0,45890.0,108190.0,31990.0,123630.0,90290.0,158260.0,9820.0,12390.0,146210.0,3120.0,20500.0,36270.0,11420.0,140530.0,65160.0,7790.0,72170.0,34340.0
Missouri,3350.0,40620.0,138840.0,243500.0,133310.0,250590.0,181930.0,431380.0,47420.0,61110.0,277640.0,4190.0,72140.0,170330.0,40320.0,304350.0,130860.0,11570.0,153460.0,122810.0,35980.0,30560.0,58970.0,48030.0,56490.0,27940.0,46340.0,38160.0,58280.0,74710.0,46640.0,47630.0,37680.0,62890.0,39900.0,29990.0,47990.0,84730.0,35570.0,47410.0,,,,230.0,700.0,,,220.0,,370.0,80.0,,60.0,1570.0,,,60.0,,430.0,130.0,,,,63910.0,77710.0,,,73330.0,55440.0,105000.0,107430.0,,80590.0,64820.0,,,76140.0,,92950.0,76090.0,,,,0.09,0.52,,,0.05,,0.6,0.03,,0.08,0.92,,,0.05,,0.28,0.1,4020.0,4020.0,4020.0,4020.0,4020.0,4020.0,4020.0,4020.0,4020.0,4020.0,4020.0,4020.0,4020.0,4020.0,4020.0,4020.0,4020.0,4020.0,4020.0,4020.0,78780.0,78780.0,78780.0,78780.0,78780.0,78780.0,78780.0,78780.0,78780.0,78780.0,78780.0,78780.0,78780.0,78780.0,78780.0,78780.0,78780.0,78780.0,78780.0,78780.0,3350.0,40620.0,138840.0,243500.0,133310.0,250590.0,181930.0,431380.0,47420.0,61110.0,277640.0,4190.0,72140.0,170330.0,40320.0,304350.0,130860.0,11570.0,153460.0,122810.0
Montana,970.0,11620.0,35880.0,43340.0,16710.0,55770.0,45780.0,71230.0,5800.0,2110.0,21890.0,6310.0,17630.0,27000.0,6970.0,61300.0,18030.0,2780.0,20270.0,18250.0,,28960.0,50970.0,47480.0,47710.0,27920.0,51650.0,41530.0,50750.0,53040.0,45050.0,67520.0,38310.0,61290.0,40220.0,33420.0,,87450.0,39440.0,48300.0,,,,,,,,,,,,,,50.0,,,,,,,,,,,,,,,,,,,,50230.0,,,,,,,,,,,,,,,,,,,,0.19,,,,,,,90.0,90.0,90.0,90.0,90.0,90.0,90.0,90.0,90.0,90.0,90.0,90.0,90.0,90.0,90.0,90.0,90.0,90.0,90.0,90.0,75200.0,75200.0,75200.0,75200.0,75200.0,75200.0,75200.0,75200.0,75200.0,75200.0,75200.0,75200.0,75200.0,75200.0,75200.0,75200.0,75200.0,75200.0,75200.0,75200.0,970.0,11620.0,35880.0,43340.0,16710.0,55770.0,45780.0,71230.0,5800.0,2110.0,21890.0,6310.0,17630.0,27000.0,6970.0,61300.0,18030.0,2780.0,20270.0,18250.0
Nebraska,1800.0,14380.0,56720.0,92030.0,53570.0,75050.0,68020.0,132570.0,17890.0,21250.0,99440.0,1040.0,24630.0,48230.0,10750.0,106200.0,53880.0,1000.0,51640.0,40450.0,48270.0,29480.0,48130.0,49300.0,57410.0,26980.0,52210.0,44120.0,62570.0,76480.0,44390.0,47290.0,36970.0,59990.0,41180.0,30510.0,60150.0,80410.0,36380.0,47450.0,,,,120.0,120.0,,,130.0,250.0,210.0,,,,300.0,,,,,30.0,40.0,,,,77360.0,97940.0,,,81900.0,87310.0,86020.0,,,,100120.0,,,,,88940.0,67230.0,,,,0.13,0.22,,,0.09,1.39,0.99,,,,0.61,,,,,0.06,0.11,1310.0,1310.0,1310.0,1310.0,1310.0,1310.0,1310.0,1310.0,1310.0,1310.0,1310.0,1310.0,1310.0,1310.0,1310.0,1310.0,1310.0,1310.0,1310.0,1310.0,84490.0,84490.0,84490.0,84490.0,84490.0,84490.0,84490.0,84490.0,84490.0,84490.0,84490.0,84490.0,84490.0,84490.0,84490.0,84490.0,84490.0,84490.0,84490.0,84490.0,1800.0,14380.0,56720.0,92030.0,53570.0,75050.0,68020.0,132570.0,17890.0,21250.0,99440.0,1040.0,24630.0,48230.0,10750.0,106200.0,53880.0,1000.0,51640.0,40450.0
Nevada,270.0,33460.0,100950.0,82690.0,41340.0,286830.0,73660.0,141980.0,16590.0,28290.0,63470.0,14730.0,34150.0,65960.0,28210.0,150840.0,96130.0,3990.0,108880.0,39770.0,34530.0,29690.0,58670.0,51490.0,49310.0,28890.0,64010.0,46380.0,64010.0,64560.0,44600.0,64520.0,35940.0,65000.0,43380.0,33590.0,43720.0,87820.0,35960.0,48450.0,,,,40.0,130.0,,,,,110.0,40.0,,,380.0,,,,,,,,,,46970.0,84880.0,,,,133480.0,95070.0,96780.0,,,,,,,,,,,,,0.05,0.32,,,,,0.37,0.06,,,0.57,,,,,,,850.0,850.0,850.0,850.0,850.0,850.0,850.0,850.0,850.0,850.0,850.0,850.0,850.0,850.0,850.0,850.0,850.0,850.0,850.0,850.0,82110.0,82110.0,82110.0,82110.0,82110.0,82110.0,82110.0,82110.0,82110.0,82110.0,82110.0,82110.0,82110.0,82110.0,82110.0,82110.0,82110.0,82110.0,82110.0,82110.0,270.0,33460.0,100950.0,82690.0,41340.0,286830.0,73660.0,141980.0,16590.0,28290.0,63470.0,14730.0,34150.0,65960.0,28210.0,150840.0,96130.0,3990.0,108880.0,39770.0
New Hampshire,460.0,10970.0,30440.0,62380.0,26800.0,55020.0,36210.0,92410.0,11670.0,11650.0,69430.0,620.0,19230.0,46550.0,6920.0,88500.0,19870.0,2080.0,37370.0,30660.0,45050.0,35870.0,54030.0,56560.0,64070.0,30820.0,54720.0,49460.0,81580.0,65630.0,52740.0,51780.0,41020.0,79280.0,48300.0,33420.0,47510.0,84650.0,45220.0,54850.0,,,,30.0,90.0,,,40.0,100.0,40.0,,,,230.0,,,,,,,,,,86930.0,110490.0,,,76410.0,,98980.0,,,,82190.0,,,,,122950.0,,,,,0.05,0.35,,,0.04,0.85,0.32,,,,0.5,,,,,,,620.0,620.0,620.0,620.0,620.0,620.0,620.0,620.0,620.0,620.0,620.0,620.0,620.0,620.0,620.0,620.0,620.0,620.0,620.0,620.0,77620.0,77620.0,77620.0,77620.0,77620.0,77620.0,77620.0,77620.0,77620.0,77620.0,77620.0,77620.0,77620.0,77620.0,77620.0,77620.0,77620.0,77620.0,77620.0,77620.0,460.0,10970.0,30440.0,62380.0,26800.0,55020.0,36210.0,92410.0,11670.0,11650.0,69430.0,620.0,19230.0,46550.0,6920.0,88500.0,19870.0,2080.0,37370.0,30660.0
New Jersey,2420.0,60140.0,163760.0,383830.0,179750.0,299680.0,252950.0,600710.0,78970.0,93660.0,242240.0,1280.0,128420.0,338100.0,60950.0,429030.0,270430.0,14280.0,299380.0,209420.0,31930.0,36670.0,65780.0,63450.0,81660.0,33280.0,69950.0,47320.0,96420.0,117410.0,49980.0,63870.0,40700.0,92710.0,52600.0,34200.0,45620.0,98600.0,37440.0,57290.0,,40.0,,,,,,40.0,,330.0,60.0,,,1290.0,,,,,190.0,160.0,,80000.0,,,139110.0,,,97800.0,162110.0,129720.0,82790.0,,,128320.0,,,,,106870.0,118120.0,,0.07,,,,,,0.01,,0.36,0.03,,,0.38,,,,,0.06,0.07,3030.0,3030.0,3030.0,3030.0,3030.0,3030.0,3030.0,3030.0,3030.0,3030.0,3030.0,3030.0,3030.0,3030.0,3030.0,3030.0,3030.0,3030.0,3030.0,3030.0,129210.0,129210.0,129210.0,129210.0,129210.0,129210.0,129210.0,129210.0,129210.0,129210.0,129210.0,129210.0,129210.0,129210.0,129210.0,129210.0,129210.0,129210.0,129210.0,129210.0,2420.0,60140.0,163760.0,383830.0,179750.0,299680.0,252950.0,600710.0,78970.0,93660.0,242240.0,1280.0,128420.0,338100.0,60950.0,429030.0,270430.0,14280.0,299380.0,209420.0
New Mexico,,10650.0,49500.0,76420.0,23290.0,87730.0,88370.0,130530.0,10710.0,5760.0,28770.0,19780.0,19880.0,63360.0,10240.0,92890.0,,4270.0,45770.0,20500.0,24140.0,29720.0,46330.0,50490.0,47840.0,27140.0,50040.0,36100.0,54240.0,59480.0,40920.0,55170.0,36850.0,79470.0,38950.0,30180.0,,72560.0,36250.0,44930.0,,,,,70.0,,60.0,80.0,,,,,,40.0,,,,,,,,,,,91000.0,,49900.0,78140.0,,,,,,,,,,,,,,,,,0.28,,0.06,0.06,,,,,,0.06,,,,,,,330.0,330.0,330.0,330.0,330.0,330.0,330.0,330.0,330.0,330.0,330.0,330.0,330.0,330.0,330.0,330.0,,330.0,330.0,330.0,78790.0,78790.0,78790.0,78790.0,78790.0,78790.0,78790.0,78790.0,78790.0,78790.0,78790.0,78790.0,78790.0,78790.0,78790.0,78790.0,,78790.0,78790.0,78790.0,,10650.0,49500.0,76420.0,23290.0,87730.0,88370.0,130530.0,10710.0,5760.0,28770.0,19780.0,19880.0,63360.0,10240.0,92890.0,,4270.0,45770.0,20500.0
New York,3100.0,148000.0,387370.0,977870.0,489990.0,687890.0,643900.0,1675200.0,288060.0,167030.0,415530.0,4260.0,310530.0,690420.0,192430.0,845250.0,342120.0,34290.0,501350.0,304350.0,38480.0,45820.0,64270.0,63220.0,103960.0,35020.0,67060.0,45490.0,99300.0,100660.0,49420.0,51730.0,43310.0,86270.0,55590.0,35880.0,49130.0,104270.0,43060.0,58970.0,,,,320.0,2570.0,,40.0,650.0,3080.0,1070.0,530.0,,320.0,4790.0,130.0,180.0,,,650.0,360.0,,,,84650.0,159300.0,,104930.0,82950.0,130870.0,108090.0,125950.0,,93540.0,118710.0,172560.0,132970.0,,,85230.0,115800.0,,,,0.03,0.52,,0.01,0.04,1.07,0.64,0.13,,0.1,0.69,0.07,0.02,,,0.13,0.12,14760.0,14760.0,14760.0,14760.0,14760.0,14760.0,14760.0,14760.0,14760.0,14760.0,14760.0,14760.0,14760.0,14760.0,14760.0,14760.0,14760.0,14760.0,14760.0,14760.0,124030.0,124030.0,124030.0,124030.0,124030.0,124030.0,124030.0,124030.0,124030.0,124030.0,124030.0,124030.0,124030.0,124030.0,124030.0,124030.0,124030.0,124030.0,124030.0,124030.0,3100.0,148000.0,387370.0,977870.0,489990.0,687890.0,643900.0,1675200.0,288060.0,167030.0,415530.0,4260.0,310530.0,690420.0,192430.0,845250.0,342120.0,34290.0,501350.0,304350.0
North Carolina,5880.0,73630.0,244720.0,390150.0,214910.0,422190.0,287300.0,602590.0,73890.0,93810.0,469500.0,3110.0,110360.0,319090.0,67500.0,518780.0,209720.0,14250.0,335140.0,191000.0,36780.0,31200.0,47260.0,48160.0,76560.0,25270.0,48480.0,43760.0,73550.0,85090.0,43100.0,49410.0,36770.0,75800.0,43780.0,29790.0,44260.0,76560.0,34810.0,47700.0,,,,,1980.0,,30.0,150.0,410.0,510.0,120.0,,,1440.0,,,,,520.0,130.0,,,,,136230.0,,70730.0,99210.0,109270.0,129690.0,89660.0,,,110370.0,,,,,105020.0,94250.0,,,,,0.92,,0.01,0.02,0.56,0.54,0.02,,,0.45,,,,,0.16,0.07,5350.0,5350.0,5350.0,5350.0,5350.0,5350.0,5350.0,5350.0,5350.0,5350.0,5350.0,5350.0,5350.0,5350.0,5350.0,5350.0,5350.0,5350.0,5350.0,5350.0,121970.0,121970.0,121970.0,121970.0,121970.0,121970.0,121970.0,121970.0,121970.0,121970.0,121970.0,121970.0,121970.0,121970.0,121970.0,121970.0,121970.0,121970.0,121970.0,121970.0,5880.0,73630.0,244720.0,390150.0,214910.0,422190.0,287300.0,602590.0,73890.0,93810.0,469500.0,3110.0,110360.0,319090.0,67500.0,518780.0,209720.0,14250.0,335140.0,191000.0
North Dakota,780.0,7160.0,25470.0,37640.0,17000.0,32790.0,34000.0,62120.0,5810.0,4200.0,27130.0,15270.0,10570.0,16650.0,5080.0,45310.0,19630.0,3210.0,12730.0,22970.0,40370.0,34330.0,54120.0,49030.0,55480.0,28540.0,55340.0,45470.0,60860.0,74260.0,48320.0,63090.0,43780.0,61100.0,46560.0,34010.0,55150.0,104640.0,38530.0,52800.0,,,,,,,,,,,,,,,,,,,,,,,,,,,,,,,,,,,,,,,,,,,,,,,,,,,,,,,,,,,,,150.0,150.0,150.0,150.0,150.0,150.0,150.0,150.0,150.0,150.0,150.0,150.0,150.0,150.0,150.0,150.0,150.0,150.0,150.0,150.0,91050.0,91050.0,91050.0,91050.0,91050.0,91050.0,91050.0,91050.0,91050.0,91050.0,91050.0,91050.0,91050.0,91050.0,91050.0,91050.0,91050.0,91050.0,91050.0,91050.0,780.0,7160.0,25470.0,37640.0,17000.0,32790.0,34000.0,62120.0,5810.0,4200.0,27130.0,15270.0,10570.0,16650.0,5080.0,45310.0,19630.0,3210.0,12730.0,22970.0
Ohio,2620.0,77860.0,237740.0,435180.0,233540.0,455930.0,315230.0,817650.0,68470.0,144670.0,672790.0,8540.0,147700.0,281490.0,66090.0,551860.0,278930.0,18550.0,326120.0,234880.0,38640.0,29200.0,57730.0,58870.0,60810.0,26950.0,58720.0,43910.0,59350.0,77790.0,46670.0,48920.0,36630.0,68340.0,42250.0,30110.0,47840.0,84110.0,35510.0,48260.0,,,,120.0,690.0,,80.0,160.0,,760.0,140.0,,60.0,790.0,,,30.0,,,330.0,,,,60530.0,97880.0,,59900.0,68590.0,67780.0,99540.0,84750.0,,65090.0,105640.0,,,84990.0,,,85800.0,,,,0.03,0.3,,0.02,0.02,,0.53,0.02,,0.04,0.28,,,0.01,,,0.14,3650.0,3650.0,3650.0,3650.0,3650.0,3650.0,3650.0,3650.0,3650.0,3650.0,3650.0,3650.0,3650.0,3650.0,3650.0,3650.0,3650.0,3650.0,3650.0,3650.0,88950.0,88950.0,88950.0,88950.0,88950.0,88950.0,88950.0,88950.0,88950.0,88950.0,88950.0,88950.0,88950.0,88950.0,88950.0,88950.0,88950.0,88950.0,88950.0,88950.0,2620.0,77860.0,237740.0,435180.0,233540.0,455930.0,315230.0,817650.0,68470.0,144670.0,672790.0,8540.0,147700.0,281490.0,66090.0,551860.0,278930.0,18550.0,326120.0,234880.0
Oklahoma,1860.0,36320.0,78710.0,147870.0,57010.0,153330.0,153610.0,210210.0,18250.0,28050.0,131920.0,28450.0,35720.0,73430.0,21310.0,183860.0,77760.0,9650.0,101230.0,56270.0,36350.0,27760.0,46130.0,46210.0,47470.0,22630.0,49210.0,39160.0,48810.0,66820.0,46240.0,60610.0,36620.0,55410.0,35920.0,29110.0,47900.0,78900.0,33880.0,44560.0,,,,370.0,80.0,,90.0,180.0,,270.0,50.0,50.0,,540.0,,,,,,40.0,,,,62640.0,85030.0,,67350.0,84400.0,,110850.0,80070.0,125530.0,,69260.0,,,,,,79730.0,,,,0.25,0.14,,0.06,0.08,,0.97,0.04,0.16,,0.73,,,,,,0.07,1740.0,1740.0,1740.0,1740.0,1740.0,1740.0,1740.0,1740.0,1740.0,1740.0,1740.0,1740.0,1740.0,1740.0,1740.0,1740.0,1740.0,1740.0,1740.0,1740.0,79720.0,79720.0,79720.0,79720.0,79720.0,79720.0,79720.0,79720.0,79720.0,79720.0,79720.0,79720.0,79720.0,79720.0,79720.0,79720.0,79720.0,79720.0,79720.0,79720.0,1860.0,36320.0,78710.0,147870.0,57010.0,153330.0,153610.0,210210.0,18250.0,28050.0,131920.0,28450.0,35720.0,73430.0,21310.0,183860.0,77760.0,9650.0,101230.0,56270.0
Oregon,13530.0,23780.0,112670.0,155120.0,53900.0,171740.0,143140.0,271220.0,36500.0,50140.0,189590.0,1690.0,60780.0,106840.0,29190.0,210490.0,81200.0,4830.0,104290.0,76250.0,35140.0,37170.0,59700.0,61980.0,58920.0,31200.0,65520.0,46500.0,77510.0,82000.0,49610.0,51650.0,44900.0,74940.0,45400.0,35490.0,47200.0,97980.0,39570.0,51350.0,,,,,60.0,,150.0,90.0,130.0,170.0,400.0,,30.0,430.0,,,,,100.0,,,,,,113100.0,,83550.0,81900.0,94630.0,110670.0,159510.0,,62090.0,63230.0,,,,,125670.0,,,,,,0.11,,0.1,0.03,0.35,0.33,0.21,,0.05,0.4,,,,,0.1,,1610.0,1610.0,1610.0,1610.0,1610.0,1610.0,1610.0,1610.0,1610.0,1610.0,1610.0,1610.0,1610.0,1610.0,1610.0,1610.0,1610.0,1610.0,1610.0,1610.0,102530.0,102530.0,102530.0,102530.0,102530.0,102530.0,102530.0,102530.0,102530.0,102530.0,102530.0,102530.0,102530.0,102530.0,102530.0,102530.0,102530.0,102530.0,102530.0,102530.0,13530.0,23780.0,112670.0,155120.0,53900.0,171740.0,143140.0,271220.0,36500.0,50140.0,189590.0,1690.0,60780.0,106840.0,29190.0,210490.0,81200.0,4830.0,104290.0,76250.0
Pennsylvania,3920.0,89130.0,263370.0,487000.0,260460.0,434410.0,313440.0,1015210.0,91540.0,146270.0,556830.0,21130.0,189660.0,385560.0,66850.0,599650.0,341560.0,20240.0,313250.0,211090.0,37570.0,31090.0,56570.0,60260.0,63130.0,27730.0,60200.0,42260.0,62520.0,76740.0,47590.0,50690.0,36770.0,71690.0,45410.0,30700.0,46780.0,93750.0,36080.0,50110.0,,,,40.0,1540.0,,,310.0,170.0,750.0,490.0,,,2540.0,,,50.0,,270.0,130.0,,,,85050.0,100820.0,,,78630.0,78990.0,96740.0,106520.0,,,91300.0,,,60150.0,,61720.0,97870.0,,,,0.01,0.59,,,0.03,0.19,0.51,0.09,,,0.66,,,0.02,,0.09,0.06,6370.0,6370.0,6370.0,6370.0,6370.0,6370.0,6370.0,6370.0,6370.0,6370.0,6370.0,6370.0,6370.0,6370.0,6370.0,6370.0,6370.0,6370.0,6370.0,6370.0,91330.0,91330.0,91330.0,91330.0,91330.0,91330.0,91330.0,91330.0,91330.0,91330.0,91330.0,91330.0,91330.0,91330.0,91330.0,91330.0,91330.0,91330.0,91330.0,91330.0,3920.0,89130.0,263370.0,487000.0,260460.0,434410.0,313440.0,1015210.0,91540.0,146270.0,556830.0,21130.0,189660.0,385560.0,66850.0,599650.0,341560.0,20240.0,313250.0,211090.0
Rhode Island,60.0,7030.0,21510.0,46820.0,23720.0,49120.0,29780.0,78000.0,5890.0,14940.0,40070.0,,15930.0,30270.0,6460.0,47640.0,14490.0,1160.0,29790.0,16430.0,38700.0,43920.0,59640.0,63600.0,67720.0,29170.0,73550.0,47720.0,83500.0,84240.0,50840.0,,41600.0,78310.0,47560.0,34140.0,,94600.0,38620.0,58070.0,,,,30.0,80.0,,40.0,,,260.0,,,,120.0,,,,,,,,,,85710.0,133840.0,,106020.0,,,118080.0,,,,128160.0,,,,,,,,,,0.07,0.34,,0.14,,,1.72,,,,0.39,,,,,,,620.0,620.0,620.0,620.0,620.0,620.0,620.0,620.0,620.0,620.0,620.0,,620.0,620.0,620.0,620.0,620.0,620.0,620.0,620.0,109240.0,109240.0,109240.0,109240.0,109240.0,109240.0,109240.0,109240.0,109240.0,109240.0,109240.0,,109240.0,109240.0,109240.0,109240.0,109240.0,109240.0,109240.0,109240.0,60.0,7030.0,21510.0,46820.0,23720.0,49120.0,29780.0,78000.0,5890.0,14940.0,40070.0,,15930.0,30270.0,6460.0,47640.0,14490.0,1160.0,29790.0,16430.0
South Carolina,3930.0,32480.0,107190.0,174220.0,77280.0,228230.0,139620.0,265680.0,29390.0,25480.0,256290.0,2020.0,53060.0,115480.0,33080.0,256330.0,93570.0,10740.0,169250.0,79010.0,43570.0,28290.0,46770.0,47600.0,49770.0,23780.0,46110.0,40710.0,58210.0,64380.0,46140.0,52650.0,35970.0,59970.0,41810.0,29080.0,43130.0,77890.0,34010.0,46960.0,,,,40.0,340.0,,,40.0,110.0,130.0,80.0,,,210.0,,,,,110.0,40.0,,,,77170.0,99690.0,,,84010.0,78280.0,104600.0,100930.0,,,95560.0,,,,,194550.0,78410.0,,,,0.03,0.43,,,0.01,0.37,0.51,0.03,,,0.19,,,,,0.06,0.05,1180.0,1180.0,1180.0,1180.0,1180.0,1180.0,1180.0,1180.0,1180.0,1180.0,1180.0,1180.0,1180.0,1180.0,1180.0,1180.0,1180.0,1180.0,1180.0,1180.0,99370.0,99370.0,99370.0,99370.0,99370.0,99370.0,99370.0,99370.0,99370.0,99370.0,99370.0,99370.0,99370.0,99370.0,99370.0,99370.0,99370.0,99370.0,99370.0,99370.0,3930.0,32480.0,107190.0,174220.0,77280.0,228230.0,139620.0,265680.0,29390.0,25480.0,256290.0,2020.0,53060.0,115480.0,33080.0,256330.0,93570.0,10740.0,169250.0,79010.0
South Dakota,720.0,8030.0,26390.0,37170.0,23190.0,40630.0,36470.0,68320.0,5230.0,5350.0,44620.0,1050.0,11740.0,17270.0,4240.0,52330.0,14060.0,1990.0,14420.0,22050.0,,28540.0,46310.0,44990.0,48960.0,27570.0,46950.0,41810.0,44680.0,63820.0,41380.0,52660.0,36790.0,58550.0,39530.0,30670.0,,81270.0,35720.0,46760.0,,,,,70.0,,,,,,,,,30.0,,,,,,,,,,,105820.0,,,,,,,,,108310.0,,,,,,,,,,,0.32,,,,,,,,,0.19,,,,,,,110.0,110.0,110.0,110.0,110.0,110.0,110.0,110.0,110.0,110.0,110.0,110.0,110.0,110.0,110.0,110.0,110.0,110.0,110.0,110.0,108310.0,108310.0,108310.0,108310.0,108310.0,108310.0,108310.0,108310.0,108310.0,108310.0,108310.0,108310.0,108310.0,108310.0,108310.0,108310.0,108310.0,108310.0,108310.0,108310.0,720.0,8030.0,26390.0,37170.0,23190.0,40630.0,36470.0,68320.0,5230.0,5350.0,44620.0,1050.0,11740.0,17270.0,4240.0,52330.0,14060.0,1990.0,14420.0,22050.0
Tennessee,1690.0,42120.0,143230.0,241010.0,124020.0,294610.0,195100.0,404730.0,51710.0,58510.0,356960.0,3560.0,74180.0,163110.0,41320.0,338070.0,214720.0,4120.0,240330.0,128450.0,37600.0,31140.0,46760.0,48350.0,51600.0,25760.0,48970.0,44930.0,60800.0,62040.0,44940.0,47290.0,36630.0,62040.0,38990.0,29910.0,45210.0,69310.0,34420.0,46490.0,,,,50.0,130.0,,,170.0,160.0,170.0,110.0,,,340.0,,,,,,,,,,83100.0,107240.0,,,,128290.0,102700.0,85680.0,,,80000.0,,,,,,,,,,0.02,0.11,,,0.04,0.3,0.29,0.03,,,0.21,,,,,,,1210.0,1210.0,1210.0,1210.0,1210.0,1210.0,1210.0,1210.0,1210.0,1210.0,1210.0,1210.0,1210.0,1210.0,1210.0,1210.0,1210.0,1210.0,1210.0,1210.0,94690.0,94690.0,94690.0,94690.0,94690.0,94690.0,94690.0,94690.0,94690.0,94690.0,94690.0,94690.0,94690.0,94690.0,94690.0,94690.0,94690.0,94690.0,94690.0,94690.0,1690.0,42120.0,143230.0,241010.0,124020.0,294610.0,195100.0,404730.0,51710.0,58510.0,356960.0,3560.0,74180.0,163110.0,41320.0,338070.0,214720.0,4120.0,240330.0,128450.0
Texas,12470.0,145120.0,762490.0,1266610.0,603090.0,1229140.0,687960.0,1637730.0,220710.0,199420.0,904800.0,182020.0,324220.0,965410.0,237530.0,1370200.0,674970.0,55290.0,903700.0,609880.0,31500.0,30180.0,48080.0,54280.0,58690.0,26300.0,53390.0,39210.0,61810.0,86690.0,46730.0,58690.0,35980.0,73010.0,43860.0,30780.0,47220.0,77490.0,35660.0,48100.0,,,40.0,250.0,1890.0,,,160.0,1490.0,850.0,440.0,50.0,120.0,5300.0,,180.0,440.0,240.0,1640.0,580.0,,,73110.0,102330.0,107720.0,,,108560.0,102520.0,102490.0,118590.0,103470.0,70740.0,89710.0,78850.0,109640.0,58530.0,78700.0,75920.0,121070.0,,,0.01,0.02,0.31,,,0.01,0.67,0.43,0.05,0.03,0.04,0.55,,0.01,0.06,0.43,0.18,0.1,13780.0,13780.0,13780.0,13780.0,13780.0,13780.0,13780.0,13780.0,13780.0,13780.0,13780.0,13780.0,13780.0,13780.0,13780.0,13780.0,13780.0,13780.0,13780.0,13780.0,99350.0,99350.0,99350.0,99350.0,99350.0,99350.0,99350.0,99350.0,99350.0,99350.0,99350.0,99350.0,99350.0,99350.0,99350.0,99350.0,99350.0,99350.0,99350.0,99350.0,12470.0,145120.0,762490.0,1266610.0,603090.0,1229140.0,687960.0,1637730.0,220710.0,199420.0,904800.0,182020.0,324220.0,965410.0,237530.0,1370200.0,674970.0,55290.0,903700.0,609880.0
Utah,810.0,25870.0,128570.0,153900.0,75280.0,129110.0,110900.0,176540.0,42870.0,20330.0,149890.0,9480.0,37870.0,129550.0,22780.0,182740.0,73980.0,3660.0,95020.0,58040.0,37600.0,32490.0,49670.0,47950.0,52190.0,28460.0,52850.0,42690.0,70000.0,64380.0,45780.0,63230.0,38460.0,64300.0,45400.0,33990.0,46990.0,86430.0,36440.0,47940.0,,,,180.0,430.0,,,80.0,310.0,120.0,80.0,,,1480.0,,,30.0,,110.0,120.0,,,,98670.0,89550.0,,,61760.0,94630.0,85990.0,81100.0,,,74170.0,,,75860.0,,69150.0,121750.0,,,,0.12,0.57,,,0.05,0.72,0.57,0.05,,,1.14,,,0.04,,0.11,0.22,3070.0,3070.0,3070.0,3070.0,3070.0,3070.0,3070.0,3070.0,3070.0,3070.0,3070.0,3070.0,3070.0,3070.0,3070.0,3070.0,3070.0,3070.0,3070.0,3070.0,81250.0,81250.0,81250.0,81250.0,81250.0,81250.0,81250.0,81250.0,81250.0,81250.0,81250.0,81250.0,81250.0,81250.0,81250.0,81250.0,81250.0,81250.0,81250.0,81250.0,810.0,25870.0,128570.0,153900.0,75280.0,129110.0,110900.0,176540.0,42870.0,20330.0,149890.0,9480.0,37870.0,129550.0,22780.0,182740.0,73980.0,3660.0,95020.0,58040.0
Vermont,390.0,3580.0,15920.0,39160.0,8650.0,25290.0,21040.0,49310.0,4240.0,2670.0,28600.0,660.0,7710.0,17080.0,3110.0,34760.0,8290.0,1240.0,12540.0,9040.0,,42780.0,49590.0,51960.0,58640.0,35430.0,60260.0,45070.0,54850.0,70520.0,46820.0,49080.0,43510.0,74450.0,47200.0,35500.0,,95480.0,41600.0,47170.0,,,,,,,,,,,,,,,,,,,,,,,,,,,,,,,,,,183810.0,,,,,,191480.0,,,,,,,,,,,,,,,,,,,,,150.0,150.0,150.0,150.0,150.0,150.0,150.0,150.0,150.0,150.0,150.0,150.0,150.0,150.0,150.0,150.0,150.0,150.0,150.0,150.0,,,,,,,,,,,,,,,,,,,,,390.0,3580.0,15920.0,39160.0,8650.0,25290.0,21040.0,49310.0,4240.0,2670.0,28600.0,660.0,7710.0,17080.0,3110.0,34760.0,8290.0,1240.0,12540.0,9040.0
Virginia,,54840.0,206140.0,359890.0,144200.0,322500.0,357640.0,466200.0,68810.0,87190.0,241430.0,5160.0,119960.0,449220.0,56640.0,395230.0,,10870.0,255190.0,109150.0,41610.0,30100.0,49450.0,52740.0,63260.0,28470.0,65750.0,44950.0,82350.0,90890.0,47920.0,59040.0,43960.0,99060.0,47740.0,30780.0,,85670.0,37360.0,50370.0,,,,80.0,500.0,,50.0,60.0,140.0,620.0,30.0,,80.0,2750.0,,,,,80.0,,,,,95630.0,142580.0,,84680.0,78280.0,143520.0,111010.0,107000.0,,97570.0,137620.0,,,,,140450.0,,,,,0.02,0.35,,0.01,0.01,0.2,0.71,0.01,,0.07,0.61,,,,,0.03,,4500.0,4500.0,4500.0,4500.0,4500.0,4500.0,4500.0,4500.0,4500.0,4500.0,4500.0,4500.0,4500.0,4500.0,4500.0,4500.0,,4500.0,4500.0,4500.0,132400.0,132400.0,132400.0,132400.0,132400.0,132400.0,132400.0,132400.0,132400.0,132400.0,132400.0,132400.0,132400.0,132400.0,132400.0,132400.0,,132400.0,132400.0,132400.0,,54840.0,206140.0,359890.0,144200.0,322500.0,357640.0,466200.0,68810.0,87190.0,241430.0,5160.0,119960.0,449220.0,56640.0,395230.0,,10870.0,255190.0,109150.0
Washington,25990.0,59700.0,216610.0,279630.0,99620.0,267310.0,258360.0,483680.0,169060.0,106900.0,262760.0,1980.0,89360.0,240030.0,55230.0,336610.0,135220.0,6420.0,181450.0,129580.0,35690.0,38840.0,65010.0,63030.0,62180.0,35940.0,77760.0,47570.0,135340.0,66640.0,58270.0,58810.0,47000.0,84480.0,51160.0,37300.0,53040.0,97060.0,46630.0,58880.0,,,,,210.0,,,100.0,1670.0,670.0,180.0,,,940.0,30.0,30.0,,,200.0,60.0,,,,,128640.0,,,72810.0,169360.0,,134110.0,,,132960.0,127330.0,123170.0,,,118080.0,149740.0,,,,,0.21,,,0.02,0.99,0.63,0.07,,,0.39,0.06,0.01,,,0.11,0.05,4160.0,4160.0,4160.0,4160.0,4160.0,4160.0,4160.0,4160.0,4160.0,4160.0,4160.0,4160.0,4160.0,4160.0,4160.0,4160.0,4160.0,4160.0,4160.0,4160.0,135850.0,135850.0,135850.0,135850.0,135850.0,135850.0,135850.0,135850.0,135850.0,135850.0,135850.0,135850.0,135850.0,135850.0,135850.0,135850.0,135850.0,135850.0,135850.0,135850.0,25990.0,59700.0,216610.0,279630.0,99620.0,267310.0,258360.0,483680.0,169060.0,106900.0,262760.0,1980.0,89360.0,240030.0,55230.0,336610.0,135220.0,6420.0,181450.0,129580.0
West Virginia,,8350.0,32780.0,61480.0,17940.0,61520.0,76640.0,124390.0,7770.0,7720.0,45670.0,18560.0,16610.0,27750.0,6720.0,79280.0,,5120.0,36230.0,18520.0,30870.0,23350.0,47070.0,47450.0,39810.0,22800.0,43590.0,36200.0,57020.0,55800.0,44900.0,62460.0,33520.0,50060.0,36780.0,28200.0,,82580.0,32770.0,42800.0,,,,,,,40.0,,,,,,,,,,,,,,,,,,,,64690.0,,,,,,,,,,,,,,,,,,,,0.05,,,,,,,,,,,,,,70.0,70.0,70.0,70.0,70.0,70.0,70.0,70.0,70.0,70.0,70.0,70.0,70.0,70.0,70.0,70.0,,70.0,70.0,70.0,67010.0,67010.0,67010.0,67010.0,67010.0,67010.0,67010.0,67010.0,67010.0,67010.0,67010.0,67010.0,67010.0,67010.0,67010.0,67010.0,,67010.0,67010.0,67010.0,,8350.0,32780.0,61480.0,17940.0,61520.0,76640.0,124390.0,7770.0,7720.0,45670.0,18560.0,16610.0,27750.0,6720.0,79280.0,,5120.0,36230.0,18520.0
Wisconsin,4310.0,41640.0,131440.0,223000.0,124100.0,223270.0,160490.0,406690.0,45970.0,65530.0,473510.0,2970.0,72700.0,121170.0,26630.0,292520.0,130340.0,8140.0,138990.0,124460.0,40400.0,30600.0,59820.0,51520.0,58110.0,27750.0,54890.0,43660.0,62500.0,72380.0,47720.0,52250.0,37480.0,64080.0,43510.0,30960.0,47800.0,100310.0,36140.0,49010.0,,,,160.0,500.0,,,60.0,670.0,370.0,100.0,,,660.0,,,,,140.0,,,,,69090.0,101600.0,,,86950.0,76410.0,102090.0,83140.0,,,96900.0,,,,,85710.0,,,,,0.07,0.41,,,0.01,1.47,0.56,0.02,,,0.54,,,,,0.1,,2740.0,2740.0,2740.0,2740.0,2740.0,2740.0,2740.0,2740.0,2740.0,2740.0,2740.0,2740.0,2740.0,2740.0,2740.0,2740.0,2740.0,2740.0,2740.0,2740.0,95410.0,95410.0,95410.0,95410.0,95410.0,95410.0,95410.0,95410.0,95410.0,95410.0,95410.0,95410.0,95410.0,95410.0,95410.0,95410.0,95410.0,95410.0,95410.0,95410.0,4310.0,41640.0,131440.0,223000.0,124100.0,223270.0,160490.0,406690.0,45970.0,65530.0,473510.0,2970.0,72700.0,121170.0,26630.0,292520.0,130340.0,8140.0,138990.0,124460.0
Wyoming,200.0,3510.0,21860.0,28580.0,7450.0,31350.0,28910.0,33160.0,3090.0,960.0,9990.0,15820.0,6670.0,10610.0,4050.0,30260.0,12570.0,2290.0,9180.0,7620.0,47840.0,30340.0,50890.0,49470.0,46340.0,27420.0,50260.0,43520.0,48240.0,88450.0,53150.0,72740.0,39970.0,59530.0,43750.0,31030.0,52690.0,96050.0,37720.0,50600.0,,,,,,,,,,,,,,,,,,,,,,,,,,,,,,,,,,,,,,,,,,,,,,,,,,,,,,,,,,,,,40.0,40.0,40.0,40.0,40.0,40.0,40.0,40.0,40.0,40.0,40.0,40.0,40.0,40.0,40.0,40.0,40.0,40.0,40.0,40.0,139970.0,139970.0,139970.0,139970.0,139970.0,139970.0,139970.0,139970.0,139970.0,139970.0,139970.0,139970.0,139970.0,139970.0,139970.0,139970.0,139970.0,139970.0,139970.0,139970.0,200.0,3510.0,21860.0,28580.0,7450.0,31350.0,28910.0,33160.0,3090.0,960.0,9990.0,15820.0,6670.0,10610.0,4050.0,30260.0,12570.0,2290.0,9180.0,7620.0
